元旦,2012-01-01
小寒,2012-01-06
大寒,2012-01-21
除夕,2012-01-22
春節,2012-01-23
初二,2012-01-24
開工,2012-01-27
立春,2012-02-04
元宵節,2012-02-06
情人節,2012-02-14
雨水,2012-02-19
228紀念,2012-02-28
驚蟄,2012-03-05
春分,2012-03-20
兒童節,2012-04-04
穀雨,2012-04-20
勞動節,2012-05-01
立夏,2012-05-05
母親節,2012-05-13
小滿,2012-05-20
芒種,2012-06-05
夏至,2012-06-21
端午節,2012-06-23
小暑,2012-07-07
大暑,2012-07-22
立秋,2012-08-07
父親節,2012-08-08
七夕,2012-08-23
中元節,2012-08-31
白露,2012-09-07
中秋節,2012-09-08
秋分,2012-09-22
教師節,2012-09-28
中秋節,2012-09-30
寒露,2012-10-08
國慶,2012-10-10
霜降,2012-10-23
萬聖節,2012-10-31
立冬,2012-11-07
小雪,2012-11-22
冬至,2012-12-21
聖誕節,2012-12-25
元旦,2013-01-01
小寒,2013-01-05
大寒,2013-01-20
立春,2013-02-04
除夕,2013-02-09
春節,2013-02-10
初二,2013-02-11
情人節,2013-02-14
雨水,2013-02-18
元宵節,2013-02-24
228紀念,2013-02-28
驚蟄,2013-03-05
春分,2013-03-20
兒童節,2013-04-04
清明節,2013-04-05
穀雨,2013-04-20
勞動節,2013-05-01
立夏,2013-05-05
母親節,2013-05-11
小滿,2013-05-21
芒種,2013-06-05
端午節,2013-06-12
夏至,2013-06-21
小暑,2013-07-07
大暑,2013-07-22
立秋,2013-08-07
父親節,2013-08-08
七夕,2013-08-13
中元節,2013-08-21
處暑,2013-08-23
白露,2013-09-07
中秋節,2013-09-19
秋分,2013-09-23
教師節,2013-09-28
寒露,2013-10-08
國慶,2013-10-10
霜降,2013-10-23
立冬,2013-11-07
小雪,2013-11-22
大雪,2013-12-07
冬至,2013-12-22
聖誕節,2013-12-25
元旦,2014-01-01
小寒,2014-01-05
大寒,2014-01-20
除夕,2014-01-30
春節,2014-01-31
初二,2014-02-01
開工,2014-02-04
情人節,2014-02-14
雨水,2014-02-19
228紀念,2014-02-28
驚蟄,2014-03-06
春分,2014-03-21
兒童節,2014-04-04
清明節,2014-04-05
穀雨,2014-04-20
勞動節,2014-05-01
立夏,2014-05-05
母親節,2014-05-11
小滿,2014-05-21
端午節,2014-06-01
芒種,2014-06-06
夏至,2014-06-21
小暑,2014-07-07
大暑,2014-07-23
七夕,2014-08-02
立秋,2014-08-07
父親節,2014-08-08
中元節,2014-08-10
處暑,2014-08-23
秋分,2014-09-23
教師節,2014-09-28
寒露,2014-10-08
國慶,2014-10-10
霜降,2014-10-23
萬聖節,2014-10-31
立冬,2014-11-07
小雪,2014-11-22
大雪,2014-12-07
冬至,2014-12-22
聖誕節,2014-12-25
元旦,2015-01-01
小寒,2015-01-06
大寒,2015-01-20
立春,2015-02-04
情人節,2015-02-14
除夕,2015-02-18
春節,2015-02-19
初二,2015-02-20
開工,2015-02-23
228紀念,2015-02-28
元宵節,2015-03-05
驚蟄,2015-03-06
春分,2015-03-21
兒童節,2015-04-04
清明節,2015-04-05
穀雨,2015-04-20
勞動節,2015-05-01
立夏,2015-05-06
母親節,2015-05-10
小滿,2015-05-21
芒種,2015-06-06
端午節,2015-06-20
夏至,2015-06-22
小暑,2015-07-07
大暑,2015-07-23
父親節,2015-08-08
七夕,2015-08-20
處暑,2015-08-23
中元節,2015-08-28
白露,2015-09-08
秋分,2015-09-23
中秋節,2015-09-27
教師節,2015-09-28
寒露,2015-10-08
國慶,2015-10-10
霜降,2015-10-24
萬聖節,2015-10-31
立冬,2015-11-08
小雪,2015-11-22
大雪,2015-12-07
冬至,2015-12-22
聖誕節,2015-12-25
元旦,2016-01-01
小寒,2016-01-06
大寒,2016-01-20
立春,2016-02-04
除夕,2016-02-07
春節,2016-02-08
初二,2016-02-09
開工,2016-02-12
情人節,2016-02-14
雨水,2016-02-19
元宵節,2016-02-22
228紀念,2016-02-28
驚蟄,2016-03-05
春分,2016-03-20
兒童節,2016-04-04
清明節,2016-04-05
穀雨,2016-04-19
勞動節,2016-05-01
立夏,2016-05-05
母親節,2016-05-08
小滿,2016-05-20
芒種,2016-06-05
端午節,2016-06-09
夏至,2016-06-21
小暑,2016-07-07
大暑,2016-07-22
立秋,2016-08-07
父親節,2016-08-08
七夕,2016-08-09
中元節,2016-08-17
處暑,2016-08-23
白露,2016-09-07
中秋節,2016-09-15
秋分,2016-09-22
教師節,2016-09-28
寒露,2016-10-08
國慶,2016-10-10
霜降,2016-10-23
萬聖節,2016-10-31
立冬,2016-11-07
小雪,2016-11-22
大雪,2016-12-07
冬至,2016-12-21
聖誕節,2016-12-25
元旦,2017-01-01
小寒,2017-01-05
大寒,2017-01-20
除夕,2017-01-27
春節,2017-01-28
初二,2017-01-29
開工,2017-02-01
立春,2017-02-03
元宵節,2017-02-11
情人節,2017-02-14
雨水,2017-02-18
228紀念,2017-02-28
驚蟄,2017-03-05
春分,2017-03-20
清明節,2017-04-03
兒童節,2017-04-04
穀雨,2017-04-20
勞動節,2017-05-01
立夏,2017-05-05
母親節,2017-05-14
小滿,2017-05-21
端午節,2017-05-30
芒種,2017-06-05
夏至,2017-06-21
小暑,2017-07-07
大暑,2017-07-22
立秋,2017-08-07
父親節,2017-08-08
處暑,2017-08-23
七夕,2017-08-28
中元節,2017-09-05
白露,2017-09-07
秋分,2017-09-23
教師節,2017-09-28
中秋節,2017-10-04
寒露,2017-10-08
國慶,2017-10-10
霜降,2017-10-23
萬聖節,2017-10-31
立冬,2017-11-07
小雪,2017-11-22
大雪,2017-12-07
冬至,2017-12-22
聖誕節,2017-12-25
